Cond,n_osc,f_osc
41,0.00840336134453781,1
42,0.00991501416430595,14
43,0.0132450331125828,12
44,0.0072992700729927,1
45,0.00766283524904215,2
