Cond,n_osc,f_osc
46,0.0152235965746908,16
47,0.00866738894907909,8
48,0.0263736263736264,12
49,0.021523178807947,26
50,0.0219224283305228,13
