Cond,n_osc,f_osc
36,0.0142095914742451,8
37,0.0186915887850467,8
38,0.00975243810952738,13
39,0.0111111111111111,7
40,0.0110497237569061,2
