Cond,n_osc,f_osc
31,0.0187207488299532,12
32,0.0205761316872428,10
33,0.00927643784786642,10
34,0.0150375939849624,12
35,0.0230179028132992,9
